,Name,Span,Matches,innings,Not_outs,Runs,Highest_score,Average,bowls_faced,Strike_rate,Hunderds,fifties,Ducks,fours,sixes,Team
0,JE Root,2019-2022,34.0,64.0,4.0,3140.0,228.0,52.33,5598.0,56.09,10.0,12.0,6.0,334.0,6.0,England
1,M Labuschagne,2019-2022,21.0,37.0,1.0,2180.0,215.0,60.55,3972.0,54.88,6.0,12.0,2.0,243.0,6.0,Australia
2,BA Stokes,2019-2022,27.0,52.0,4.0,1940.0,176.0,40.41,3380.0,57.39,5.0,10.0,1.0,213.0,51.0,England
3,SPD Smith,2019-2022,21.0,34.0,1.0,1811.0,211.0,54.87,3633.0,49.84,4.0,12.0,2.0,200.0,9.0,Australia
4,Babar Azam,2019-2022,17.0,29.0,4.0,1614.0,196.0,64.56,2910.0,55.46,5.0,10.0,0.0,191.0,7.0,Pakisthan
5,FDM Karunaratne,2019-2022,16.0,30.0,1.0,1591.0,244.0,54.86,3000.0,53.03,6.0,7.0,0.0,185.0,2.0,Sri Lanka
6,RG Sharma,2019-2022,18.0,30.0,2.0,1552.0,212.0,55.42,2744.0,56.55,5.0,4.0,0.0,184.0,32.0,India
7,D Elgar,2019-2022,20.0,38.0,3.0,1452.0,160.0,41.48,2763.0,52.55,2.0,9.0,4.0,201.0,5.0,South Africa
8,AM Rahane,2019-2022,26.0,45.0,3.0,1443.0,115.0,34.35,3085.0,46.77,3.0,8.0,4.0,171.0,8.0,India
9,V Kohli,2019-2022,24.0,40.0,2.0,1430.0,254.0,37.63,2891.0,49.46,2.0,8.0,6.0,173.0,5.0,India
10,DA Warner,2019-2022,20.0,35.0,2.0,1390.0,335.0,42.12,2339.0,59.42,3.0,5.0,5.0,150.0,6.0,Australia
11,KC Brathwaite,2019-2022,21.0,41.0,3.0,1317.0,160.0,34.65,3487.0,37.76,2.0,8.0,3.0,137.0,1.0,West Indies
12,MA Agarwal,2019-2022,19.0,33.0,0.0,1293.0,243.0,39.18,2407.0,53.71,4.0,4.0,1.0,170.0,23.0,India
13,CA Pujara,2019-2022,27.0,48.0,1.0,1287.0,91.0,27.38,3487.0,36.9,0.0,12.0,5.0,168.0,4.0,India
14,RR Pant,2019-2022,21.0,36.0,3.0,1224.0,101.0,37.09,1782.0,68.68,2.0,7.0,1.0,135.0,27.0,India
15,Liton Das,2019-2022,16.0,27.0,1.0,1211.0,141.0,46.57,2145.0,56.45,3.0,7.0,0.0,146.0,5.0,Bangladesh
16,TWM Latham,2019-2022,20.0,34.0,1.0,1210.0,252.0,36.66,2657.0,45.54,2.0,7.0,2.0,137.0,4.0,New Zealand
17,Azhar Ali,2019-2022,19.0,33.0,3.0,1190.0,185.0,39.66,2763.0,43.06,3.0,4.0,5.0,133.0,5.0,Pakisthan
18,JM Bairstow,2019-2022,21.0,41.0,3.0,1156.0,140.0,30.42,2091.0,55.28,3.0,2.0,5.0,131.0,16.0,England
19,JC Buttler,2019-2022,25.0,44.0,3.0,1142.0,152.0,27.85,2401.0,47.56,1.0,4.0,4.0,131.0,14.0,England
20,Z Crawley,2020-2022,20.0,37.0,0.0,1121.0,267.0,30.29,2043.0,54.87,2.0,5.0,4.0,155.0,1.0,England
21,J Blackwood,2019-2022,20.0,36.0,0.0,1113.0,104.0,30.91,2170.0,51.29,2.0,5.0,1.0,133.0,7.0,West Indies
22,RJ Burns,2019-2022,21.0,38.0,0.0,1055.0,133.0,27.76,2415.0,43.68,1.0,7.0,8.0,128.0,1.0,England
23,Mohammad Rizwan,2019-2022,19.0,29.0,6.0,1033.0,115.0,44.91,2023.0,51.06,2.0,7.0,2.0,119.0,4.0,Pakisthan
24,DM de Silva,2019-2022,15.0,25.0,4.0,1014.0,166.0,48.28,1791.0,56.61,4.0,4.0,1.0,119.0,8.0,Sri Lanka
25,Mushfiqur Rahim,2019-2022,13.0,24.0,3.0,992.0,175.0,47.23,2194.0,45.21,2.0,6.0,2.0,113.0,1.0,Bangladesh
26,KS Williamson,2019-2022,12.0,20.0,1.0,977.0,251.0,51.42,1930.0,50.62,3.0,2.0,2.0,121.0,3.0,New Zealand
27,OJ Pope,2020-2022,19.0,34.0,3.0,964.0,145.0,31.09,1843.0,52.3,2.0,5.0,0.0,103.0,5.0,England
28,AD Mathews,2019-2022,14.0,25.0,3.0,945.0,199.0,42.95,2105.0,44.89,3.0,3.0,1.0,82.0,14.0,Sri Lanka
29,TM Head,2019-2022,18.0,27.0,2.0,915.0,152.0,36.6,1570.0,58.28,3.0,3.0,1.0,113.0,5.0,Australia
30,N Dickwella,2019-2022,16.0,27.0,3.0,912.0,96.0,38.0,1550.0,58.83,0.0,8.0,1.0,99.0,1.0,Sri Lanka
31,RA Jadeja,2019-2022,18.0,27.0,6.0,911.0,175.0,43.38,1689.0,53.93,1.0,7.0,1.0,90.0,15.0,India
32,Abid Ali,2019-2021,14.0,24.0,1.0,905.0,174.0,39.34,1898.0,47.68,3.0,2.0,2.0,109.0,5.0,Pakisthan
33,HM Nicholls,2019-2022,18.0,28.0,1.0,905.0,174.0,33.51,1807.0,50.08,3.0,2.0,3.0,104.0,3.0,New Zealand
34,Q de Kock,2019-2021,14.0,25.0,1.0,902.0,141.0,37.58,1372.0,65.74,2.0,5.0,3.0,112.0,14.0,South Africa
35,DP Sibley,2019-2021,18.0,32.0,2.0,901.0,133.0,30.03,2588.0,34.81,2.0,4.0,5.0,100.0,1.0,England
36,T Bavuma,2019-2022,15.0,28.0,4.0,896.0,93.0,37.33,1880.0,47.65,0.0,6.0,2.0,109.0,2.0,South Africa
37,TA Blundell,2019-2022,16.0,27.0,2.0,879.0,121.0,35.16,1884.0,46.65,2.0,5.0,2.0,114.0,1.0,New Zealand
38,UT Khawaja,2019-2022,8.0,15.0,3.0,873.0,160.0,72.75,1645.0,53.06,4.0,2.0,0.0,93.0,4.0,Australia
39,HE van der Dussen,2019-2022,15.0,27.0,2.0,824.0,98.0,32.96,2006.0,41.07,0.0,6.0,2.0,90.0,4.0,South Africa
40,JO Holder,2019-2022,18.0,35.0,5.0,777.0,71.0,25.9,1525.0,50.95,0.0,3.0,4.0,102.0,10.0,West Indies
41,NE Bonner,2021-2022,13.0,22.0,4.0,766.0,123.0,42.55,2229.0,34.36,2.0,3.0,2.0,83.0,3.0,West Indies
42,HDRL Thirimanne,2019-2022,11.0,21.0,0.0,760.0,140.0,36.19,1835.0,41.41,2.0,5.0,3.0,77.0,0.0,Sri Lanka
43,MS Wade,2019-2021,14.0,25.0,2.0,727.0,117.0,31.6,1354.0,53.69,2.0,1.0,2.0,89.0,4.0,Australia
44,Mominul Haque,2019-2022,16.0,30.0,2.0,710.0,127.0,25.35,1680.0,42.26,2.0,1.0,7.0,81.0,0.0,Bangladesh
45,DJ Mitchell,2020-2022,9.0,13.0,2.0,697.0,190.0,63.36,1270.0,54.88,3.0,3.0,0.0,75.0,11.0,New Zealand
46,KR Mayers,2021-2022,12.0,21.0,2.0,664.0,210.0,34.94,1065.0,62.34,1.0,2.0,4.0,83.0,11.0,West Indies
47,CR Woakes,2019-2022,17.0,28.0,4.0,650.0,84.0,27.08,1162.0,55.93,0.0,2.0,2.0,82.0,4.0,England
48,LD Chandimal,2019-2022,11.0,20.0,3.0,647.0,124.0,38.05,1425.0,45.4,1.0,4.0,0.0,65.0,6.0,Sri Lanka
49,LRPL Taylor,2019-2022,16.0,26.0,3.0,646.0,86.0,28.08,1250.0,51.68,0.0,3.0,0.0,75.0,2.0,New Zealand
50,Tamim Iqbal,2020-2022,9.0,16.0,1.0,642.0,133.0,42.8,908.0,70.7,1.0,4.0,3.0,92.0,5.0,Bangladesh
51,KL Rahul,2019-2022,9.0,18.0,0.0,642.0,129.0,35.66,1551.0,41.39,2.0,2.0,1.0,85.0,3.0,India
52,GH Vihari,2019-2022,11.0,19.0,3.0,641.0,111.0,40.06,1433.0,44.73,1.0,4.0,0.0,86.0,1.0,India
53,J Da Silva,2020-2022,15.0,25.0,5.0,640.0,100.0,32.0,1760.0,36.36,1.0,3.0,3.0,65.0,1.0,West Indies
54,C Green,2020-2022,12.0,18.0,1.0,619.0,84.0,36.41,1329.0,46.57,0.0,4.0,2.0,59.0,6.0,Australia
55,AK Markram,2019-2022,14.0,26.0,1.0,615.0,108.0,24.6,1290.0,47.67,1.0,3.0,3.0,95.0,4.0,South Africa
56,BOP Fernando,2019-2022,11.0,20.0,2.0,612.0,102.0,34.0,1261.0,48.53,1.0,4.0,1.0,73.0,4.0,Sri Lanka
57,Fawad Alam,2020-2022,13.0,20.0,4.0,591.0,124.0,36.93,1435.0,41.18,3.0,2.0,3.0,67.0,2.0,Pakisthan
58,Najmul Hossain Shanto,2020-2022,14.0,26.0,0.0,590.0,163.0,22.69,1304.0,45.24,1.0,1.0,5.0,68.0,7.0,Bangladesh
59,Shan Masood,2019-2021,10.0,17.0,0.0,585.0,156.0,34.41,1234.0,47.4,3.0,1.0,5.0,55.0,6.0,Pakisthan
60,DP Conway,2021-2022,7.0,12.0,0.0,575.0,122.0,47.91,1161.0,49.52,2.0,3.0,0.0,74.0,2.0,New Zealand
61,R Ashwin,2019-2022,21.0,30.0,2.0,570.0,106.0,20.35,1056.0,53.97,1.0,1.0,3.0,73.0,2.0,India
62,JL Denly,2019-2020,10.0,19.0,0.0,569.0,94.0,29.94,1462.0,38.91,0.0,4.0,0.0,79.0,3.0,England
63,Shubman Gill,2020-2021,10.0,19.0,2.0,558.0,91.0,32.82,983.0,56.76,0.0,4.0,2.0,70.0,8.0,India
64,F du Plessis,2019-2021,11.0,20.0,0.0,555.0,199.0,27.75,1152.0,48.17,1.0,2.0,0.0,78.0,4.0,South Africa
65,TD Paine,2019-2021,14.0,22.0,3.0,550.0,79.0,28.94,1077.0,51.06,0.0,4.0,2.0,65.0,1.0,Australia
66,Abdullah Shafique,2021-2022,5.0,9.0,1.0,547.0,136.0,68.37,1341.0,40.79,1.0,4.0,0.0,51.0,8.0,Pakisthan
67,C de Grandhomme,2019-2022,10.0,15.0,2.0,538.0,120.0,41.38,733.0,73.39,1.0,2.0,1.0,53.0,11.0,New Zealand
68,JD Campbell,2019-2022,15.0,29.0,2.0,526.0,68.0,19.48,1149.0,45.77,0.0,1.0,1.0,61.0,3.0,West Indies
69,KA Maharaj,2019-2022,17.0,28.0,0.0,507.0,84.0,18.1,934.0,54.28,0.0,4.0,5.0,65.0,8.0,South Africa
70,Faheem Ashraf,2020-2022,9.0,14.0,1.0,498.0,91.0,38.3,939.0,53.03,0.0,3.0,1.0,74.0,2.0,Pakisthan
71,Mehidy Hasan Miraz,2019-2022,13.0,23.0,1.0,497.0,103.0,22.59,1108.0,44.85,1.0,1.0,3.0,59.0,6.0,Bangladesh
72,P Nissanka,2021-2022,7.0,12.0,1.0,494.0,103.0,44.9,1138.0,43.4,1.0,5.0,0.0,46.0,1.0,Sri Lanka
73,DW Lawrence,2021-2022,9.0,18.0,1.0,470.0,91.0,27.64,895.0,52.51,0.0,3.0,3.0,48.0,6.0,England
74,WA Young,2020-2022,10.0,16.0,0.0,454.0,89.0,28.37,1022.0,44.42,0.0,5.0,1.0,62.0,0.0,New Zealand
75,KD Petersen,2021-2022,7.0,13.0,0.0,453.0,82.0,34.84,858.0,52.79,0.0,4.0,0.0,60.0,0.0,South Africa
76,MA Starc,2019-2022,18.0,23.0,7.0,428.0,54.0,26.75,723.0,59.19,0.0,1.0,0.0,38.0,7.0,Australia
77,BJ Watling,2019-2021,11.0,16.0,1.0,418.0,105.0,27.86,1023.0,40.86,1.0,2.0,1.0,42.0,0.0,New Zealand
78,SSJ Brooks,2019-2022,10.0,19.0,0.0,390.0,68.0,20.52,941.0,41.44,0.0,3.0,2.0,52.0,3.0,West Indies
79,SS Iyer,2021-2022,4.0,7.0,0.0,388.0,105.0,55.42,578.0,67.12,1.0,3.0,0.0,46.0,9.0,India
80,RL Chase,2019-2021,13.0,25.0,0.0,386.0,62.0,15.44,1017.0,37.95,0.0,2.0,5.0,44.0,3.0,West Indies
81,Imam-ul-Haq,2019-2022,4.0,8.0,1.0,372.0,157.0,53.14,928.0,40.08,2.0,1.0,1.0,33.0,4.0,Pakisthan
82,KA Jamieson,2020-2022,15.0,21.0,3.0,363.0,51.0,20.16,618.0,58.73,0.0,1.0,3.0,31.0,10.0,New Zealand
83,AT Carey,2021-2022,8.0,12.0,0.0,362.0,93.0,30.16,706.0,51.27,0.0,3.0,1.0,32.0,2.0,Australia
84,AS Joseph,2020-2022,12.0,16.0,0.0,359.0,86.0,22.43,587.0,61.15,0.0,2.0,3.0,37.0,14.0,West Indies
85,DJ Malan,2021-2022,7.0,13.0,0.0,350.0,82.0,26.92,860.0,40.69,0.0,3.0,1.0,49.0,0.0,England
86,K Verreynne,2021-2022,8.0,13.0,2.0,343.0,136.0,31.18,654.0,52.44,1.0,0.0,1.0,40.0,1.0,South Africa
87,Yasir Shah,2019-2021,11.0,17.0,1.0,339.0,113.0,21.18,643.0,52.72,1.0,0.0,3.0,40.0,2.0,Pakisthan
88,Asad Shafiq,2019-2020,8.0,11.0,0.0,337.0,76.0,30.63,666.0,50.6,0.0,4.0,1.0,34.0,0.0,Pakisthan
89,BKG Mendis,2019-2022,10.0,18.0,0.0,334.0,54.0,18.55,689.0,48.47,0.0,3.0,5.0,39.0,3.0,Sri Lanka
90,SCJ Broad,2019-2022,23.0,35.0,14.0,330.0,62.0,15.71,506.0,65.21,0.0,1.0,5.0,32.0,11.0,England
91,JA Burns,2019-2020,7.0,12.0,1.0,319.0,97.0,29.0,683.0,46.7,0.0,3.0,2.0,33.0,4.0,Australia
92,PJ Cummins,2019-2022,21.0,28.0,5.0,305.0,34.0,13.26,791.0,38.55,0.0,0.0,5.0,30.0,4.0,Australia
93,NM Lyon,2019-2022,22.0,26.0,7.0,299.0,38.0,15.73,432.0,69.21,0.0,0.0,1.0,37.0,7.0,Australia
94,Shakib Al Hasan,2021-2022,5.0,7.0,0.0,299.0,68.0,42.71,518.0,57.72,0.0,4.0,1.0,34.0,1.0,Bangladesh
95,Mahmudul Hasan Joy,2021-2022,7.0,11.0,0.0,298.0,137.0,27.09,751.0,39.68,1.0,2.0,5.0,36.0,2.0,Bangladesh
96,AZ Lees,2022-2022,5.0,10.0,0.0,282.0,67.0,28.2,775.0,36.38,0.0,1.0,0.0,37.0,1.0,England
97,BT Foakes,2021-2022,8.0,16.0,4.0,281.0,56.0,23.41,680.0,41.32,0.0,1.0,0.0,30.0,0.0,England
98,MS Harris,2019-2022,8.0,15.0,1.0,280.0,76.0,20.0,706.0,39.66,0.0,1.0,0.0,35.0,0.0,Australia
99,K Rabada,2019-2022,15.0,27.0,4.0,279.0,47.0,12.13,439.0,63.55,0.0,0.0,8.0,38.0,10.0,South Africa
100,MDKJ Perera,2019-2021,6.0,12.0,0.0,267.0,64.0,22.25,396.0,67.42,0.0,3.0,2.0,38.0,1.0,Sri Lanka
101,SM Curran,2019-2021,12.0,17.0,1.0,266.0,44.0,16.62,378.0,70.37,0.0,0.0,4.0,36.0,5.0,England
102,Washington Sundar,2021-2021,4.0,6.0,2.0,265.0,96.0,66.25,502.0,52.78,0.0,3.0,2.0,31.0,5.0,India
103,SD Hope,2019-2021,8.0,16.0,0.0,254.0,43.0,15.87,694.0,36.59,0.0,0.0,0.0,27.0,0.0,West Indies
104,KAJ Roach,2019-2022,18.0,28.0,6.0,253.0,38.0,11.5,655.0,38.62,0.0,0.0,4.0,30.0,9.0,West Indies
105,SN Thakur,2021-2022,6.0,11.0,0.0,245.0,67.0,22.27,317.0,77.28,0.0,3.0,2.0,32.0,9.0,India
106,PWA Mulder,2020-2022,9.0,15.0,0.0,241.0,36.0,16.06,610.0,39.5,0.0,0.0,2.0,28.0,3.0,South Africa
107,VD Philander,2019-2020,6.0,12.0,2.0,241.0,46.0,24.1,657.0,36.68,0.0,0.0,2.0,30.0,2.0,South Africa
108,SJ Erwee,2022-2022,4.0,8.0,0.0,240.0,108.0,30.0,521.0,46.06,1.0,0.0,1.0,31.0,0.0,South Africa
109,TG Southee,2019-2022,19.0,26.0,2.0,235.0,30.0,9.79,396.0,59.34,0.0,0.0,6.0,25.0,6.0,New Zealand
110,RRS Cornwall,2019-2021,8.0,14.0,2.0,233.0,73.0,19.41,376.0,61.96,0.0,2.0,1.0,31.0,4.0,West Indies
111,Mohammed Shami,2019-2022,19.0,26.0,8.0,223.0,56.0,12.38,301.0,74.08,0.0,1.0,7.0,26.0,6.0,India
112,H Hameed,2021-2022,7.0,13.0,0.0,220.0,68.0,16.92,731.0,30.09,0.0,2.0,4.0,27.0,0.0,England
113,N Wagner,2019-2022,12.0,15.0,6.0,218.0,66.0,24.22,289.0,75.43,0.0,1.0,4.0,27.0,9.0,New Zealand
114,MJ Leach,2019-2022,18.0,28.0,10.0,211.0,41.0,11.72,703.0,30.01,0.0,0.0,2.0,25.0,2.0,England
115,DM Bess,2020-2021,12.0,16.0,5.0,208.0,34.0,18.9,495.0,42.02,0.0,0.0,3.0,23.0,2.0,England
116,AR Patel,2021-2022,6.0,10.0,2.0,197.0,52.0,24.62,378.0,52.11,0.0,1.0,1.0,18.0,8.0,India
117,MA Wood,2020-2022,11.0,18.0,2.0,197.0,42.0,12.31,268.0,73.5,0.0,0.0,2.0,15.0,11.0,England
118,Yasir Ali,2021-2022,5.0,9.0,1.0,196.0,55.0,24.5,415.0,47.22,0.0,1.0,1.0,25.0,0.0,Bangladesh
119,PWH de Silva,2020-2021,4.0,7.0,0.0,196.0,59.0,28.0,227.0,86.34,0.0,1.0,0.0,29.0,1.0,Sri Lanka
120,WP Saha,2019-2021,8.0,10.0,2.0,189.0,61.0,23.62,363.0,52.06,0.0,1.0,0.0,21.0,2.0,India
121,Shadman Islam,2019-2022,8.0,16.0,0.0,187.0,59.0,11.68,540.0,34.62,0.0,1.0,2.0,20.0,0.0,Bangladesh
122,TA Boult,2019-2022,14.0,14.0,6.0,180.0,38.0,22.5,184.0,97.82,0.0,0.0,0.0,22.0,5.0,New Zealand
123,MDK Perera,2019-2021,5.0,9.0,1.0,177.0,67.0,22.12,415.0,42.65,0.0,1.0,2.0,23.0,2.0,Sri Lanka
124,Zubayr Hamza,2019-2022,5.0,10.0,0.0,171.0,62.0,17.1,376.0,45.47,0.0,1.0,1.0,24.0,1.0,South Africa
125,RAS Lakmal,2019-2022,11.0,17.0,2.0,162.0,40.0,10.8,377.0,42.97,0.0,0.0,3.0,14.0,6.0,Sri Lanka
126,JJ Bumrah,2019-2022,19.0,29.0,10.0,160.0,34.0,8.42,317.0,50.47,0.0,0.0,10.0,19.0,3.0,India
127,I Sharma,2019-2021,15.0,18.0,4.0,158.0,57.0,11.28,357.0,44.25,0.0,1.0,4.0,17.0,1.0,India
128,PJ Malan,2020-2020,3.0,6.0,0.0,156.0,84.0,26.0,530.0,29.43,0.0,1.0,0.0,11.0,0.0,South Africa
129,Taijul Islam,2019-2022,12.0,21.0,1.0,154.0,24.0,7.7,563.0,27.35,0.0,0.0,4.0,16.0,0.0,Bangladesh
130,L Embuldeniya,2019-2022,12.0,21.0,1.0,152.0,40.0,7.6,456.0,33.33,0.0,0.0,6.0,13.0,5.0,Sri Lanka
131,MM Ali,2019-2021,5.0,9.0,0.0,136.0,43.0,15.11,288.0,47.22,0.0,0.0,2.0,18.0,5.0,England
132,GF Linde,2019-2021,3.0,6.0,0.0,135.0,37.0,22.5,255.0,52.94,0.0,0.0,0.0,19.0,2.0,South Africa
133,Hasan Ali,2021-2022,8.0,11.0,0.0,127.0,28.0,11.54,197.0,64.46,0.0,0.0,2.0,9.0,6.0,Pakisthan
134,SO Dowrich,2020-2020,4.0,6.0,0.0,126.0,61.0,21.0,236.0,53.38,0.0,1.0,2.0,15.0,0.0,West Indies
135,Mohammad Mithun,2019-2021,4.0,8.0,0.0,125.0,63.0,15.62,326.0,38.34,0.0,1.0,2.0,14.0,2.0,Bangladesh
136,UT Yadav,2019-2022,11.0,14.0,5.0,125.0,31.0,13.88,179.0,69.83,0.0,0.0,3.0,6.0,11.0,India
137,Haris Sohail,2019-2021,6.0,8.0,0.0,121.0,75.0,15.12,273.0,44.32,0.0,1.0,0.0,10.0,3.0,Pakisthan
138,M Jansen,2021-2022,5.0,8.0,2.0,118.0,37.0,19.66,249.0,47.38,0.0,0.0,0.0,17.0,0.0,South Africa
139,Shaheen Shah Afridi,2019-2022,19.0,24.0,5.0,118.0,19.0,6.21,335.0,35.22,0.0,0.0,6.0,17.0,1.0,Pakisthan
140,A Nortje,2019-2021,12.0,21.0,4.0,115.0,40.0,6.76,481.0,23.9,0.0,0.0,5.0,15.0,0.0,South Africa
141,RD Rickelton,2022-2022,2.0,4.0,1.0,114.0,42.0,38.0,230.0,49.56,0.0,0.0,0.0,12.0,1.0,South Africa
142,JC Archer,2019-2021,11.0,17.0,0.0,113.0,23.0,6.64,241.0,46.88,0.0,0.0,3.0,16.0,0.0,England
143,RTM Mendis,2021-2022,6.0,9.0,0.0,111.0,33.0,12.33,242.0,45.86,0.0,0.0,1.0,12.0,0.0,Sri Lanka
144,MD Shanaka,2020-2021,3.0,6.0,1.0,111.0,66.0,22.2,216.0,51.38,0.0,1.0,0.0,7.0,5.0,Sri Lanka
145,JJ Roy,2019-2019,4.0,8.0,0.0,110.0,31.0,13.75,229.0,48.03,0.0,0.0,1.0,16.0,0.0,England
146,Saif Hassan,2020-2021,4.0,8.0,0.0,108.0,34.0,13.5,195.0,55.38,0.0,0.0,2.0,19.0,2.0,Bangladesh
147,Nauman Ali,2021-2022,8.0,9.0,3.0,106.0,45.0,17.66,254.0,41.73,0.0,0.0,2.0,15.0,2.0,Pakisthan
148,KOA Powell,2021-2021,4.0,7.0,0.0,102.0,51.0,14.57,222.0,45.94,0.0,1.0,1.0,17.0,0.0,West Indies
149,PP Shaw,2020-2020,3.0,6.0,0.0,102.0,54.0,17.0,142.0,71.83,0.0,1.0,1.0,14.0,1.0,India
150,WER Somerville,2019-2021,5.0,8.0,2.0,99.0,40.0,16.5,356.0,27.8,0.0,0.0,2.0,9.0,0.0,New Zealand
151,S Muthusamy,2019-2019,2.0,4.0,2.0,98.0,49.0,49.0,278.0,35.25,0.0,0.0,0.0,10.0,0.0,South Africa
152,Mahmudullah,2019-2020,3.0,6.0,1.0,95.0,39.0,19.0,176.0,53.97,0.0,0.0,1.0,15.0,0.0,Bangladesh
153,Nurul Hasan,2021-2022,3.0,4.0,0.0,92.0,41.0,23.0,151.0,60.92,0.0,0.0,1.0,16.0,0.0,Bangladesh
154,JM Anderson,2019-2022,21.0,31.0,16.0,92.0,11.0,6.13,259.0,35.52,0.0,0.0,4.0,11.0,0.0,England
155,KIC Asalanka,2021-2022,3.0,6.0,0.0,88.0,29.0,14.66,171.0,51.46,0.0,0.0,0.0,11.0,3.0,Sri Lanka
156,Imran Butt,2021-2021,4.0,8.0,0.0,85.0,37.0,10.62,197.0,43.14,0.0,0.0,2.0,13.0,0.0,Pakisthan
157,JL Pattinson,2019-2020,4.0,6.0,2.0,85.0,47.0,21.25,137.0,62.04,0.0,0.0,1.0,6.0,4.0,Australia
158,C Overton,2019-2022,5.0,8.0,0.0,84.0,32.0,10.5,231.0,36.36,0.0,0.0,1.0,10.0,0.0,England
159,PM Siddle,2019-2019,3.0,4.0,1.0,84.0,44.0,28.0,173.0,48.55,0.0,0.0,0.0,9.0,0.0,Australia
160,OE Robinson,2021-2022,8.0,15.0,2.0,83.0,22.0,6.38,220.0,37.72,0.0,0.0,6.0,9.0,0.0,England
161,DL Piedt,2019-2019,2.0,4.0,0.0,83.0,56.0,20.75,198.0,41.91,0.0,1.0,1.0,11.0,2.0,South Africa
162,D Pretorius,2019-2020,3.0,6.0,0.0,83.0,37.0,13.83,163.0,50.92,0.0,0.0,1.0,13.0,1.0,South Africa
163,TB de Bruyn,2019-2019,3.0,5.0,0.0,82.0,30.0,16.4,175.0,46.85,0.0,0.0,0.0,15.0,1.0,South Africa
164,JA Raval,2019-2020,4.0,7.0,0.0,82.0,33.0,11.71,215.0,38.13,0.0,0.0,1.0,8.0,0.0,New Zealand
165,MJ Santner,2019-2020,4.0,8.0,1.0,82.0,27.0,11.71,230.0,35.65,0.0,0.0,1.0,9.0,1.0,New Zealand
166,DM Bravo,2019-2020,4.0,8.0,1.0,79.0,23.0,11.28,173.0,45.66,0.0,0.0,0.0,11.0,1.0,West Indies
167,MJ Henry,2020-2022,5.0,6.0,1.0,79.0,58.0,15.8,154.0,51.29,0.0,1.0,3.0,12.0,0.0,New Zealand
168,SR Harmer,2022-2022,2.0,3.0,1.0,78.0,38.0,39.0,157.0,49.68,0.0,0.0,0.0,7.0,1.0,South Africa
169,MG Bracewell,2022-2022,1.0,2.0,0.0,74.0,49.0,37.0,104.0,71.15,0.0,0.0,0.0,13.0,1.0,New Zealand
170,R Ravindra,2021-2022,3.0,6.0,1.0,73.0,18.0,14.6,246.0,29.67,0.0,0.0,0.0,12.0,0.0,New Zealand
171,WJ Pucovski,2021-2021,1.0,2.0,0.0,72.0,62.0,36.0,126.0,57.14,0.0,1.0,0.0,6.0,0.0,Australia
172,SO Hetmyer,2019-2019,2.0,4.0,0.0,71.0,35.0,17.75,121.0,58.67,0.0,0.0,0.0,10.0,0.0,West Indies
173,Zafar Gohar,2021-2021,1.0,2.0,0.0,71.0,37.0,35.5,126.0,56.34,0.0,0.0,0.0,13.0,0.0,Pakisthan
174,Nayeem Hasan,2019-2022,4.0,6.0,1.0,67.0,24.0,13.4,151.0,44.37,0.0,0.0,1.0,9.0,0.0,Bangladesh
175,Mohammed Siraj,2020-2022,12.0,17.0,7.0,62.0,16.0,6.2,103.0,60.19,0.0,0.0,4.0,7.0,2.0,India
176,Shadab Khan,2020-2020,1.0,2.0,0.0,60.0,45.0,30.0,98.0,61.22,0.0,0.0,0.0,5.0,0.0,Pakisthan
177,Iftikhar Ahmed,2019-2022,3.0,5.0,1.0,57.0,27.0,14.25,139.0,41.0,0.0,0.0,1.0,4.0,0.0,Pakisthan
178,JR Hazlewood,2019-2022,13.0,15.0,9.0,57.0,11.0,9.5,106.0,53.77,0.0,0.0,1.0,9.0,0.0,Australia
179,S Mahmood,2022-2022,2.0,2.0,1.0,52.0,49.0,52.0,124.0,41.93,0.0,0.0,0.0,4.0,1.0,England
180,GD Phillips,2020-2020,1.0,2.0,0.0,52.0,52.0,26.0,119.0,43.69,0.0,1.0,1.0,6.0,1.0,New Zealand
181,V Permaul,2021-2022,3.0,4.0,1.0,47.0,26.0,15.66,152.0,30.92,0.0,0.0,0.0,4.0,0.0,West Indies
182,Mohammad Abbas,2019-2021,11.0,15.0,5.0,47.0,29.0,4.7,285.0,16.49,0.0,0.0,3.0,5.0,1.0,Pakisthan
183,Sajid Khan,2021-2022,5.0,5.0,0.0,46.0,21.0,9.2,102.0,45.09,0.0,0.0,0.0,9.0,0.0,Pakisthan
184,CT Bancroft,2019-2019,2.0,4.0,0.0,44.0,16.0,11.0,162.0,27.16,0.0,0.0,0.0,6.0,0.0,Australia
185,Taskin Ahmed,2021-2022,5.0,8.0,2.0,44.0,14.0,7.33,112.0,39.28,0.0,0.0,1.0,4.0,1.0,Bangladesh
186,D Paterson,2020-2020,2.0,4.0,3.0,43.0,39.0,43.0,49.0,87.75,0.0,0.0,0.0,7.0,0.0,South Africa
187,TD Astle,2020-2020,1.0,2.0,1.0,42.0,25.0,42.0,81.0,51.85,0.0,0.0,0.0,6.0,0.0,New Zealand
188,MR Marsh,2019-2019,1.0,2.0,0.0,41.0,24.0,20.5,111.0,36.93,0.0,0.0,0.0,6.0,0.0,Australia
189,MG Neser,2021-2021,1.0,2.0,0.0,38.0,35.0,19.0,37.0,102.7,0.0,0.0,0.0,5.0,1.0,Australia
190,L Ngidi,2019-2022,9.0,13.0,5.0,37.0,14.0,4.62,108.0,34.25,0.0,0.0,4.0,6.0,0.0,South Africa
191,MVT Fernando,2019-2022,11.0,15.0,7.0,36.0,17.0,4.5,189.0,19.04,0.0,0.0,6.0,4.0,0.0,Sri Lanka
192,AY Patel,2019-2022,6.0,9.0,5.0,36.0,14.0,9.0,110.0,32.72,0.0,0.0,1.0,4.0,0.0,New Zealand
193,PVD Chameera,2021-2021,4.0,6.0,0.0,35.0,22.0,5.83,93.0,37.63,0.0,0.0,1.0,4.0,0.0,Sri Lanka
194,SW Billings,2022-2022,1.0,2.0,0.0,30.0,29.0,15.0,57.0,52.63,0.0,0.0,0.0,6.0,0.0,England
195,JNT Seales,2021-2022,8.0,11.0,6.0,30.0,13.0,6.0,147.0,20.4,0.0,0.0,2.0,3.0,1.0,West Indies
196,Naseem Shah,2019-2022,11.0,14.0,5.0,29.0,12.0,3.22,98.0,29.59,0.0,0.0,3.0,5.0,0.0,Pakisthan
197,S Moseley,2021-2021,2.0,4.0,0.0,28.0,12.0,7.0,105.0,26.66,0.0,0.0,0.0,3.0,0.0,West Indies
198,LB Williams,2022-2022,2.0,3.0,0.0,25.0,13.0,8.33,71.0,35.21,0.0,0.0,1.0,4.0,0.0,South Africa
199,Abu Jayed,2019-2021,7.0,12.0,5.0,25.0,8.0,3.57,95.0,26.31,0.0,0.0,4.0,3.0,0.0,Bangladesh
200,Mohammad Naim,2022-2022,1.0,2.0,0.0,24.0,24.0,12.0,103.0,23.3,0.0,0.0,1.0,1.0,0.0,Bangladesh
201,SM Boland,2021-2022,3.0,3.0,1.0,24.0,10.0,12.0,57.0,42.1,0.0,0.0,0.0,2.0,0.0,Australia
202,MJ Swepson,2022-2022,2.0,2.0,1.0,24.0,15.0,24.0,33.0,72.72,0.0,0.0,0.0,3.0,0.0,Australia
203,D Olivier,2022-2022,5.0,7.0,4.0,24.0,12.0,8.0,108.0,22.22,0.0,0.0,1.0,3.0,1.0,South Africa
204,ST Gabriel,2019-2021,13.0,22.0,11.0,23.0,8.0,2.09,114.0,20.17,0.0,0.0,6.0,3.0,0.0,West Indies
205,Al-Amin Hossain,2019-2019,1.0,2.0,1.0,22.0,21.0,22.0,24.0,91.66,0.0,0.0,0.0,5.0,0.0,Bangladesh
206,Imrul Kayes,2019-2019,2.0,4.0,0.0,21.0,6.0,5.25,61.0,34.42,0.0,0.0,0.0,2.0,0.0,Bangladesh
207,CK Holder,2020-2020,1.0,2.0,2.0,21.0,13.0,0.0,37.0,56.75,0.0,0.0,0.0,3.0,0.0,West Indies
208,J Yadav,2021-2022,2.0,3.0,0.0,20.0,12.0,6.66,60.0,33.33,0.0,0.0,0.0,2.0,1.0,India
209,ML Cummins,2019-2019,1.0,2.0,1.0,19.0,19.0,19.0,67.0,28.35,0.0,0.0,1.0,2.0,1.0,West Indies
210,JA Richardson,2021-2021,1.0,2.0,0.0,17.0,9.0,8.5,7.0,242.85,0.0,0.0,0.0,0.0,2.0,Australia
211,Muhammad Musa,2019-2019,1.0,2.0,2.0,16.0,12.0,0.0,17.0,94.11,0.0,0.0,0.0,3.0,0.0,Pakisthan
212,L Sipamla,2020-2022,3.0,4.0,1.0,15.0,10.0,5.0,53.0,28.3,0.0,0.0,2.0,2.0,0.0,South Africa
213,Soumya Sarkar,2021-2021,1.0,2.0,0.0,13.0,13.0,6.5,38.0,34.21,0.0,0.0,1.0,1.0,0.0,Bangladesh
214,CAK Rajitha,2019-2022,4.0,3.0,0.0,12.0,12.0,4.0,88.0,13.63,0.0,0.0,2.0,2.0,0.0,Sri Lanka
215,P Jayawickrama,2021-2022,5.0,6.0,5.0,12.0,8.0,12.0,32.0,37.5,0.0,0.0,1.0,1.0,0.0,Sri Lanka
216,Shoriful Islam,2021-2022,4.0,6.0,2.0,12.0,7.0,3.0,40.0,30.0,0.0,0.0,2.0,1.0,0.0,Bangladesh
217,RA Reifer,2022-2022,1.0,1.0,0.0,11.0,11.0,11.0,26.0,42.3,0.0,0.0,0.0,2.0,0.0,West Indies
218,Ebadot Hossain,2019-2022,12.0,20.0,12.0,11.0,4.0,1.37,101.0,10.89,0.0,0.0,4.0,1.0,0.0,Bangladesh
219,H Klaasen,2019-2019,1.0,2.0,0.0,11.0,6.0,5.5,34.0,32.35,0.0,0.0,0.0,1.0,0.0,South Africa
220,GA Stuurman,2022-2022,2.0,2.0,0.0,11.0,11.0,5.5,31.0,35.48,0.0,0.0,1.0,2.0,0.0,South Africa
221,Imran Khan,2019-2019,1.0,2.0,1.0,10.0,5.0,10.0,23.0,43.47,0.0,0.0,0.0,2.0,0.0,Pakisthan
222,Mosaddek Hossain,2022-2022,1.0,2.0,0.0,9.0,9.0,4.5,25.0,36.0,0.0,0.0,1.0,1.0,0.0,Bangladesh
223,CBRLS Kumara,2019-2022,7.0,9.0,5.0,9.0,5.0,2.25,53.0,16.98,0.0,0.0,3.0,1.0,0.0,Sri Lanka
224,BE Hendricks,2020-2020,1.0,2.0,1.0,9.0,5.0,9.0,18.0,50.0,0.0,0.0,0.0,1.0,0.0,South Africa
225,MW Parkinson,2022-2022,1.0,1.0,0.0,8.0,8.0,8.0,8.0,100.0,0.0,0.0,0.0,1.0,0.0,England
226,NA Saini,2021-2021,2.0,3.0,1.0,8.0,5.0,4.0,27.0,29.62,0.0,0.0,0.0,1.0,0.0,India
227,AM Fernando,2021-2022,5.0,8.0,3.0,7.0,4.0,1.4,65.0,10.76,0.0,0.0,2.0,1.0,0.0,Sri Lanka
228,M Bhanuka,2021-2021,1.0,2.0,0.0,6.0,5.0,3.0,17.0,35.29,0.0,0.0,0.0,1.0,0.0,Sri Lanka
229,Rubel Hossain,2020-2020,1.0,2.0,0.0,6.0,5.0,3.0,35.0,17.14,0.0,0.0,0.0,1.0,0.0,Bangladesh
230,JN Hamilton,2019-2019,1.0,2.0,0.0,5.0,5.0,2.5,61.0,8.19,0.0,0.0,1.0,0.0,0.0,West Indies
231,Kuldeep Yadav,2021-2021,1.0,2.0,0.0,3.0,3.0,1.5,24.0,12.5,0.0,0.0,1.0,0.0,0.0,India
232,Mustafizur Rahman,2021-2022,2.0,2.0,1.0,3.0,3.0,3.0,15.0,20.0,0.0,0.0,1.0,0.0,0.0,Bangladesh
233,MJ Potts,2022-2022,2.0,2.0,0.0,3.0,3.0,1.5,10.0,30.0,0.0,0.0,1.0,0.0,0.0,England
234,LH Ferguson,2019-2019,1.0,2.0,2.0,1.0,1.0,0.0,9.0,11.11,0.0,0.0,0.0,0.0,0.0,New Zealand
235,OP Stone,2021-2021,1.0,2.0,0.0,1.0,1.0,0.5,9.0,11.11,0.0,0.0,1.0,0.0,0.0,England
236,T Natarajan,2021-2021,1.0,1.0,1.0,1.0,1.0,0.0,9.0,11.11,0.0,0.0,0.0,0.0,0.0,India
237,S Nadeem,2019-2021,2.0,3.0,1.0,1.0,1.0,0.5,30.0,3.33,0.0,0.0,2.0,0.0,0.0,India
238,Khaled Ahmed,2021-2022,6.0,10.0,2.0,0.0,0.0,0.0,32.0,0.0,0.0,0.0,8.0,0.0,0.0,Bangladesh
239,Usman Shinwari,2019-2019,1.0,0.0,0.0,0.0,0.0,0.0,0.0,0.0,0.0,0.0,0.0,0.0,0.0,Pakisthan
240,G Moti-Kanhai,2022-2022,1.0,0.0,0.0,0.0,0.0,0.0,0.0,0.0,0.0,0.0,0.0,0.0,0.0,West Indies
241,MD Fisher,2022-2022,1.0,1.0,1.0,0.0,0.0,0.0,5.0,0.0,0.0,0.0,0.0,0.0,0.0,England
242,K Zondo,2022-2022,1.0,0.0,0.0,0.0,0.0,0.0,0.0,0.0,0.0,0.0,0.0,0.0,0.0,South Africa
243,A Dananjaya,2019-2019,1.0,1.0,0.0,0.0,0.0,0.0,8.0,0.0,0.0,0.0,1.0,0.0,0.0,Sri Lanka
